{
 "alpha": 18.229717254638672,
 "beta": 0.4190632998943329,
 "alpha_fm": 18.332393646240234,
 "beta_fm": 0.3622642159461975,
 "num_iter": 1000,
 "eta": 0.1
}